module	source_path_on_the_analysis_server	path_substitutions
01_basecalling_and_conversion	8oxo_project/refs/fetch_t2t.sh	0
01_basecalling_and_conversion	8oxo_project/AdMSC_DMR/scripts/run_basecall_both_arms.sh	2
01_basecalling_and_conversion	8oxo_project/scripts/align_mods_t2t.sh	0
01_basecalling_and_conversion	8oxo_project/AdMSC_DMR/scripts/run_align_and_pileup.sh	0
01_basecalling_and_conversion	8oxo_project/AdMSC_DMR/scripts/run_phase5_stepA.sh	0
01_basecalling_and_conversion	8oxo_project/AdMSC_DMR/scripts/layer_classify_context.py	0
01_basecalling_and_conversion	8oxo_project/AdMSC_DMR/scripts/make_cpg_bedmethyl.sh	0
01_basecalling_and_conversion	8oxo_project/scripts/dorado_docker.sh	0
01_basecalling_and_conversion	8oxo_project/scripts/esox_run.sh	0
01_basecalling_and_conversion	8oxo_project/AdMSC_paper/sessions/2026-08-13/scripts/b2_align_esox_t2t.sh	1
01_basecalling_and_conversion	8oxo_project/AdMSC_paper/sessions/2026-08-13/scripts/b1_join_panel_rerio.py	0
01_basecalling_and_conversion	8oxo_project/scripts/select_region_reads.sh	0
01_basecalling_and_conversion	8oxo_project/AdMSC_DMR/scripts/build_features.sh	0
01_basecalling_and_conversion	8oxo_project/AdMSC_DMR/scripts/build_features_tss.py	0
01_basecalling_and_conversion	8oxo_project/scripts/make_cpg_islands.py	0
01_basecalling_and_conversion	8oxo_project/AdMSC_DMR/scripts/build_innate_immunity_panel.sh	0
02_global_and_local_methylation	8oxo_project/AdMSC_DMR/scripts/run_layer1.sh	0
02_global_and_local_methylation	8oxo_project/AdMSC_DMR/scripts/layer1_cpg_aggregate.py	0
02_global_and_local_methylation	8oxo_project/AdMSC_DMR/scripts/run_layer1_sweep.sh	0
02_global_and_local_methylation	8oxo_project/AdMSC_paper/sessions/2026-08-11/scripts/level0a_distribution.py	0
02_global_and_local_methylation	8oxo_project/AdMSC_paper/sessions/2026-08-14/scripts/f1_global_shift.py	0
02_global_and_local_methylation	8oxo_project/AdMSC_paper/sessions/2026-08-14/scripts/f2_per_read_beta.py	0
02_global_and_local_methylation	8oxo_project/AdMSC_paper/sessions/2026-08-14/scripts/f6_repeat_classes.py	1
02_global_and_local_methylation	8oxo_project/AdMSC_paper/sessions/2026-08-14/scripts/f7_metagene.py	1
02_global_and_local_methylation	8oxo_project/AdMSC_paper/sessions/2026-08-14/scripts/d11_inflammasome_axis.py	0
02_global_and_local_methylation	8oxo_project/AdMSC_DMR/scripts/modkit_to_poremeth.sh	0
02_global_and_local_methylation	8oxo_project/AdMSC_DMR/scripts/build_poremeth_input.sh	0
02_global_and_local_methylation	8oxo_project/AdMSC_DMR/scripts/aggregate_poremeth_input.py	0
02_global_and_local_methylation	8oxo_project/AdMSC_DMR/scripts/run_poremeth2_dmr.R	0
03_5mC_to_5hmC	8oxo_project/AdMSC_paper/sessions/2026-09-03/scripts/p1_common.sh	1
03_5mC_to_5hmC	8oxo_project/AdMSC_paper/sessions/2026-09-03/scripts/p1_step.sh	0
03_5mC_to_5hmC	8oxo_project/AdMSC_paper/sessions/2026-09-03/scripts/p1_pipeline.sh	0
03_5mC_to_5hmC	8oxo_project/AdMSC_paper/sessions/2026-09-03/scripts/p1_pipeline_b.sh	0
03_5mC_to_5hmC	8oxo_project/AdMSC_paper/sessions/2026-09-03/scripts/p1_step1_ids.sh	0
03_5mC_to_5hmC	8oxo_project/AdMSC_paper/sessions/2026-09-03/scripts/p1_step2_fast5.sh	0
03_5mC_to_5hmC	8oxo_project/AdMSC_paper/sessions/2026-09-03/scripts/p1_step3_pod5.sh	0
03_5mC_to_5hmC	8oxo_project/AdMSC_paper/sessions/2026-09-03/scripts/p1_step4_bench.sh	0
03_5mC_to_5hmC	8oxo_project/AdMSC_paper/sessions/2026-09-03/scripts/p1_step5_basecall.sh	0
03_5mC_to_5hmC	8oxo_project/AdMSC_paper/sessions/2026-09-03/scripts/p1_step6_align.sh	0
03_5mC_to_5hmC	8oxo_project/AdMSC_paper/sessions/2026-09-03/scripts/p1_step7_pileup.sh	0
03_5mC_to_5hmC	8oxo_project/AdMSC_paper/sessions/2026-09-03/scripts/p1_step8_delta.py	0
03_5mC_to_5hmC	8oxo_project/AdMSC_paper/sessions/2026-09-03/scripts/p1_check_qfilter.sh	0
03_5mC_to_5hmC	8oxo_project/AdMSC_paper/sessions/2026-09-03/scripts/p1_check_qdecile.sh	0
03_5mC_to_5hmC	8oxo_project/AdMSC_paper/sessions/2026-09-03/scripts/p1_check_qdecile.py	0
03_5mC_to_5hmC	8oxo_project/AdMSC_paper/sessions/2026-09-06/scripts/p2_rdna_5hmc.py	0
03_5mC_to_5hmC	8oxo_project/AdMSC_paper/sessions/2026-09-06/scripts/p2_checks.py	0
04_8oxodG_and_5mC_around_lesions	8oxo_project/scripts/esox_filter.py	0
04_8oxodG_and_5mC_around_lesions	8oxo_project/scripts/oxo_readspace_rate.py	0
04_8oxodG_and_5mC_around_lesions	8oxo_project/scripts/oxo_region_readspace.py	0
04_8oxodG_and_5mC_around_lesions	8oxo_project/scripts/oxo_position_profile.py	0
04_8oxodG_and_5mC_around_lesions	8oxo_project/AdMSC_paper/sessions/2026-08-14/scripts/d6_mito_oxidation_profile.py	0
04_8oxodG_and_5mC_around_lesions	8oxo_project/AdMSC_paper/sessions/2026-08-14/scripts/f5_oxo_context.py	0
04_8oxodG_and_5mC_around_lesions	8oxo_project/AdMSC_paper/sessions/2026-08-14/scripts/f8_f9_molecule_join.py	0
04_8oxodG_and_5mC_around_lesions	8oxo_project/AdMSC_paper/sessions/2026-08-14/scripts/d3_paper_replication_profile.py	0
04_8oxodG_and_5mC_around_lesions	8oxo_project/AdMSC_paper/sessions/2026-08-14/scripts/d4_within_molecule.py	0
05_figures	8oxo_project/AdMSC_paper/sessions/2026-09-03/scripts/panel_export.py	0
05_figures	8oxo_project/AdMSC_paper/sessions/2026-09-03/scripts/fig_mito_oxidation_combined_v9.py	0
05_figures	8oxo_project/AdMSC_paper/sessions/2026-09-03/scripts/fig_nuclear_methylation_4panel_v8.py	0
05_figures	8oxo_project/AdMSC_paper/sessions/2026-10-02/scripts/fig_10c1_5mC_around_8oxoG_combined.py	0
05_figures	8oxo_project/AdMSC_paper/sessions/2026-10-02/scripts/fig_S5_1b_5mC_differences_notitle.py	0
05_figures	8oxo_project/AdMSC_paper/sessions/2026-09-03/scripts/fig_local_methylation_v8.py	0
05_figures	8oxo_project/AdMSC_paper/sessions/2026-09-03/scripts/make_poremeth_genome_map_v2.py	0
05_figures	8oxo_project/AdMSC_paper/sessions/2026-09-03/scripts/fig_adipokine_three_axes_v8.py	0
05_figures	8oxo_project/AdMSC_paper/sessions/2026-09-03/scripts/fig_P1_5hmC_v5.py	0
05_figures	8oxo_project/AdMSC_paper/sessions/2026-08-11/scripts/panel_figures_noq.py	0
05_figures	8oxo_project/AdMSC_paper/sessions/2026-09-03/scripts/panel_figures_noq_v2.py	0
05_figures	8oxo_project/AdMSC_paper/sessions/2026-08-11/scripts/fig_threshold_sweep.py	0
06_image_analysis	imaging_nellie/scripts/install_env.sh	0
06_image_analysis	imaging_nellie/scripts/ims_to_ometiff_mip.py	0
06_image_analysis	imaging_nellie/scripts/run_nellie.py	0
06_image_analysis	imaging_nellie/scripts/run_production.sh	1
06_image_analysis	imaging_nellie/scripts/cellpose_masks.py	0
06_image_analysis	imaging_nellie/scripts/cellpose_sweep.py	0
06_image_analysis	imaging_nellie/scripts/per_cell_stats.py	0
06_image_analysis	imaging_nellie/scripts/paired_cell_analysis.py	1
06_image_analysis	imaging_nellie/scripts/plot_main_figure2.py	1
06_image_analysis	imaging_nellie/scripts/plot_tracked_cell.py	1
06_image_analysis	imaging_nellie/scripts/plot_trajectories.py	1
06_image_analysis	imaging_nellie/scripts/plot_per_cell.py	1
06_image_analysis	imaging_nellie/scripts/export_source_data.py	1
06_image_analysis	imaging_nellie/scripts/smoke_test.py	0
06_image_analysis	imaging_nellie/docker/Dockerfile.cellpose	0
07_public_profiles	8oxo_project/AdMSC_paper/sessions/2026-10-02/scripts/build_zenodo_methylation_profiles.py	0
07_public_profiles	8oxo_project/AdMSC_paper/sessions/2026-10-02/scripts/build_zenodo_other_tables.py	0
